"Name","Color","Rarity","# Seen","ALSA","# Picked","ATA","# GP","% GP","GP WR","# OH","OH WR","# GD","GD WR","# GIH","GIH WR","# GNS","GNS WR","IIH"
"Agent 13, Sharon Carter","W","U","40843","2.90","16988","3.25","101557","92.8%","57.1%","17939","58.6%","27362","58.5%","45301","58.5%","56500","55.9%","2.6pp"
"Agent Maria Hill","W","U","52035","3.57","16831","4.16","91732","83.8%","58.0%","16218","62.2%","23340","57.3%","39558","59.3%","52051","57.1%","2.2pp"
"Agent of Atlas","W","C","204449","5.80","36112","8.09","149964","64.7%","56.5%","26765","57.4%","36560","54.5%","63325","55.7%","86443","57.0%","-1.3pp"
"Agent Phil Coulson","W","R","8605","1.56","6404","1.55","39757","94.9%","58.2%","7051","67.0%","10823","61.0%","17874","63.4%","21984","54.1%","9.3pp"
"Agents of S.H.I.E.L.D.","W","C","204675","5.86","32789","8.37","124017","59.3%","55.6%","21616","55.2%","32163","55.7%","53779","55.5%","70221","55.8%","-0.3pp"
"Avengers Assemble!","W","M","3990","1.50","3081","1.47","19003","93.6%","58.5%","3233","62.8%","5112","64.9%","8345","64.1%","10661","54.0%","10.1pp"
"Borough Backup","W","C","173023","4.63","42509","6.09","234554","85.5%","57.2%","42434","56.2%","62273","59.1%","104707","57.9%","129867","56.7%","1.2pp"
"Brave Brawler","W","C","167529","4.46","39868","5.85","231368","90.0%","57.3%","41210","58.2%","61009","57.4%","102219","57.7%","129183","57.1%","0.7pp"
"Captain America, Super-Soldier","W","M","4133","1.47","2958","1.48","17745","93.5%","56.7%","3142","59.1%","4982","59.2%","8124","59.2%","9766","54.6%","4.6pp"
"Captain America, Wings of Freedom","W","R","8502","1.53","6213","1.53","37943","94.5%","58.1%","6773","62.6%","10484","60.6%","17257","61.4%","20849","55.4%","5.9pp"
"Captain Marvel, Earth's Protector","W","M","3445","1.26","3020","1.25","19728","95.9%","60.9%","3311","65.0%","5748","70.0%","9059","68.2%","10735","54.7%","13.5pp"
"Captain Mar-Vell, Space-Born","W","U","66829","4.64","9946","6.70","39310","62.7%","54.1%","6526","51.7%","10783","55.1%","17309","53.9%","22198","54.3%","-0.4pp"
"Colleen Wing, Street Samurai","W","U","67014","4.57","11397","6.40","46750","64.4%","55.0%","8302","56.4%","11553","53.8%","19855","54.9%","26871","55.0%","-0.2pp"
"Crowd of True Believers","W","C","224653","7.05","33579","9.94","74388","34.6%","56.2%","13091","57.4%","18086","54.7%","31177","55.9%","43232","56.4%","-0.5pp"
"Helicarrier Strike","W","C","167994","4.40","35432","6.00","194697","85.4%","56.4%","33533","55.2%","51994","57.9%","85527","56.9%","109186","56.0%","0.8pp"
"Hero in Training","W","C","117361","3.32","47574","3.78","294861","94.2%","58.7%","52218","59.5%","80960","61.2%","133178","60.6%","161044","57.2%","3.4pp"
"Invisible Woman, Sue Storm","W","U","75463","5.66","8215","8.68","13783","27.3%","49.1%","2197","42.7%","3474","47.9%","5671","45.9%","8135","51.2%","-5.4pp"
"Jennifer Walters","W","M","4015","1.46","3090","1.44","19345","94.4%","59.2%","3481","64.4%","5374","64.0%","8855","64.2%","10581","55.0%","9.1pp"
"Kree Commandos","W","C","222278","7.04","25471","10.61","31548","19.6%","52.5%","5465","50.3%","7871","51.9%","13336","51.3%","18269","53.5%","-2.2pp"
"Luke Cage, Power Man","W","U","76712","5.61","8921","8.52","20299","36.3%","52.4%","3440","49.9%","5140","52.3%","8580","51.3%","11777","53.1%","-1.8pp"
"The Mind Stone","W","M","5181","1.89","2642","1.92","13567","82.9%","54.7%","2405","57.3%","3633","55.2%","6038","56.0%","7531","53.6%","2.4pp"
"Mockingbird, Ace Agent","W","U","72713","5.23","8774","7.85","21256","38.9%","51.9%","3572","48.8%","5385","51.3%","8957","50.3%","12346","52.9%","-2.7pp"
"Monica Rambeau","W","M","3775","1.42","3035","1.40","18720","95.0%","57.7%","3342","61.0%","5156","63.9%","8498","62.8%","10201","53.4%","9.3pp"
"Murdock's Crusade","W","C","140405","3.88","38911","4.77","226729","89.4%","57.7%","38412","57.2%","61568","61.3%","99980","59.7%","126833","56.2%","3.6pp"
"Nick Fury, Agent of S.H.I.E.L.D.","W","R","27056","4.22","6066","5.46","23720","61.6%","55.9%","4194","56.9%","6004","56.1%","10198","56.5%","13489","55.6%","0.9pp"
"Night Nurse, Healer of Heroes","W","U","42522","2.86","16173","3.35","96338","93.0%","56.7%","16875","56.0%","25631","58.6%","42506","57.6%","53725","56.0%","1.6pp"
"Okoye, Dora Milaje Leader","W","U","48192","3.23","15497","3.85","88067","88.5%","56.8%","15136","57.2%","23590","59.0%","38726","58.3%","49201","55.7%","2.6pp"
"Origin of the Avengers","W","R","10957","1.91","5757","1.97","32802","90.6%","55.8%","5865","58.0%","8597","57.5%","14462","57.7%","18340","54.3%","3.4pp"
"Panther Pounce","W","C","224782","6.96","29822","10.21","53804","28.3%","54.1%","8883","50.5%","13719","56.3%","22602","54.0%","31211","54.2%","-0.2pp"
"Patriot, Shield Wielder","W","U","53940","3.59","15432","4.43","90032","91.1%","56.6%","16080","57.4%","23383","56.9%","39463","57.1%","50626","56.3%","0.8pp"
"Political Triumph","W","U","47811","3.39","15562","3.84","86855","86.4%","57.4%","15342","63.8%","22275","56.2%","37617","59.3%","49211","56.0%","3.2pp"
"Quake, Agent of S.H.I.E.L.D.","W","U","68677","4.68","11918","6.49","50283","66.3%","55.3%","8743","54.6%","12986","55.4%","21729","55.1%","28593","55.5%","-0.4pp"
"Raft Security Officer","W","C","173262","4.80","42026","6.19","233843","86.4%","57.3%","41574","56.8%","62404","57.5%","103978","57.2%","130434","57.2%","-0.0pp"
"Red Guardian, Super-Soldier","W","U","43038","2.94","14913","3.43","88467","92.0%","57.0%","15500","57.1%","23794","59.4%","39294","58.5%","49201","55.8%","2.7pp"
"The Sentry, Golden Guardian","W","R","13034","2.33","4158","2.44","20836","81.0%","53.3%","3638","51.6%","5732","53.6%","9370","52.8%","11599","53.3%","-0.4pp"
"S.H.I.E.L.D. Spy Kit","W","C","183309","5.32","39622","6.79","190743","74.9%","56.9%","33066","57.9%","49933","57.9%","82999","57.9%","107727","56.2%","1.7pp"
"Super Villain Lockup","W","U","38538","2.64","12275","3.15","71007","91.5%","55.3%","12086","54.4%","19013","57.5%","31099","56.3%","39913","54.5%","1.8pp"
"Super-Soldier Serum","W","R","17979","3.09","3419","3.77","14651","69.9%","52.4%","2500","52.4%","3755","54.4%","6255","53.6%","8400","51.4%","2.2pp"
"Take Up the Shield","W","C","163076","4.34","37089","5.79","207188","86.6%","56.9%","34701","55.4%","55331","60.3%","90032","58.4%","117203","55.7%","2.7pp"
"Wakandan Drone Flock","W","C","206862","5.91","37011","8.11","147243","61.8%","56.9%","25073","54.8%","40780","58.6%","65853","57.1%","82055","56.6%","0.5pp"
"Web Up","W","C","90793","2.58","39195","2.96","241286","95.1%","57.2%","41194","56.7%","66267","61.1%","107461","59.4%","133836","55.5%","3.9pp"
"White Widow, Free Agent","W","U","53950","3.57","12603","4.57","67933","85.0%","55.3%","11570","52.7%","18002","57.1%","29572","55.4%","38293","55.3%","0.1pp"
"Aerial Doombot","U","C","189182","5.22","35532","7.22","172647","76.2%","56.2%","30782","57.0%","47207","57.7%","77989","57.4%","94977","55.2%","2.2pp"
"A.I.M. Scientists","U","C","203225","5.61","38812","7.82","165470","66.5%","56.3%","30206","55.7%","46409","57.6%","76615","56.8%","89115","55.8%","1.1pp"
"Atlantean Cavalry","U","C","220307","7.04","28428","10.30","49969","28.1%","52.3%","8779","52.2%","14446","53.1%","23225","52.8%","26852","51.9%","0.9pp"
"Atlantis Attacks","U","C","195420","5.52","38443","7.56","165552","67.7%","56.0%","27367","53.0%","47062","59.0%","74429","56.8%","91234","55.4%","1.3pp"
"Attuma, Atlantean Warlord","U","U","77557","5.60","13011","7.75","37023","45.5%","53.9%","6253","54.5%","10764","55.1%","17017","54.9%","20212","52.9%","2.0pp"
"Bold Biochemist","U","C","200776","5.64","42186","7.58","206983","76.4%","57.0%","36891","55.3%","57772","58.7%","94663","57.4%","112547","56.6%","0.7pp"
"Bruce Banner","U","M","4997","1.88","3147","1.81","18286","91.5%","57.2%","3281","62.5%","5090","59.7%","8371","60.8%","9982","54.4%","6.4pp"
"Depower","U","C","218243","6.52","34408","9.29","93164","42.7%","55.1%","16012","53.3%","26076","57.8%","42088","56.1%","51095","54.2%","1.9pp"
"Echo, Perceptive Prodigy","U","U","77677","5.52","13569","7.59","49136","57.4%","54.3%","8548","51.0%","13444","54.0%","21992","52.9%","27201","55.4%","-2.5pp"
"Falcon, Winged Wonder","U","U","50804","3.44","17766","4.02","101148","88.0%","57.7%","17225","57.0%","29303","61.2%","46528","59.7%","54879","56.1%","3.6pp"
"Falcon's Wing Harness","U","U","65328","4.38","13661","5.79","64439","74.3%","55.8%","10904","54.6%","17685","59.2%","28589","57.4%","35823","54.5%","2.9pp"
"Frozen in Ice","U","C","132488","3.57","36341","4.58","212210","91.6%","56.2%","36142","54.0%","60283","59.5%","96425","57.4%","115809","55.2%","2.2pp"
"Futurist Forge","U","C","192625","5.40","36323","7.41","165636","71.4%","56.4%","29733","56.0%","45792","59.2%","75525","57.9%","90033","55.1%","2.8pp"
"Giant-Sized Flying Ant","U","C","212621","6.28","37526","8.65","131567","54.9%","56.6%","22242","53.9%","37720","59.7%","59962","57.6%","71899","55.8%","1.8pp"
"Hydraulic Helper","U","C","221663","7.17","31540","10.14","69858","35.1%","54.0%","12561","54.4%","18349","54.7%","30910","54.6%","38910","53.5%","1.1pp"
"I Am Iron Man","U","C","222953","7.04","33443","10.01","74999","35.4%","54.5%","12557","52.8%","20639","57.1%","33196","55.5%","41824","53.8%","1.7pp"
"Iron Lad, Diverging Destiny","U","U","62616","4.37","11355","5.80","50367","70.6%","54.2%","8799","54.1%","13773","55.4%","22572","54.9%","27880","53.6%","1.3pp"
"Ironheart, Clever Champion","U","R","22618","3.87","4187","4.94","15744","61.1%","51.9%","2644","50.3%","4471","54.1%","7115","52.7%","8710","51.2%","1.5pp"
"Justice, Vance Astrovik","U","U","35555","2.55","19125","2.74","118986","94.2%","59.0%","20912","61.3%","34172","64.0%","55084","63.0%","63941","55.6%","7.3pp"
"Kang the Conqueror","U","M","4228","1.56","3019","1.54","17961","92.9%","57.2%","3097","56.5%","5334","63.9%","8431","61.2%","9678","53.6%","7.6pp"
"Kid Loki","U","U","72024","5.01","11220","7.06","39193","56.2%","53.0%","6899","54.4%","11188","53.5%","18087","53.8%","21112","52.3%","1.5pp"
"Leader, Super-Genius","U","R","9202","1.65","7110","1.62","44733","94.8%","59.6%","7780","67.3%","13205","67.9%","20985","67.7%","24135","52.7%","14.9pp"
"Loki, God of Mischief","U","R","11969","2.12","6177","2.15","35643","89.8%","56.4%","6431","59.0%","9893","58.7%","16324","58.9%","19467","54.3%","4.5pp"
"Mister Fantastic, Reed Richards","U","U","80990","5.94","11679","8.45","25485","34.8%","52.9%","4422","50.9%","7019","53.9%","11441","52.8%","14134","53.1%","-0.3pp"
"Ms. Marvel, Kamala Khan","U","R","20907","3.56","4669","4.29","16583","56.1%","54.2%","2888","56.1%","4640","54.5%","7528","55.1%","9111","53.3%","1.8pp"
"Multiversal Incursion","U","M","9362","3.26","2419","3.74","9308","64.1%","50.5%","1540","47.3%","2578","53.7%","4118","51.3%","5195","50.0%","1.4pp"
"Namor the Sub-Mariner","U","M","7335","2.68","2514","2.81","10946","69.8%","54.0%","1874","55.1%","3114","57.0%","4988","56.3%","6034","52.1%","4.2pp"
"Pym Particles","U","U","83943","6.11","10742","9.09","22546","33.7%","51.4%","3826","48.5%","5956","54.6%","9782","52.2%","12770","50.7%","1.5pp"
"Rewrite History","U","U","88313","6.80","10865","10.04","10435","15.5%","50.2%","1782","45.7%","2907","50.2%","4689","48.5%","5738","51.6%","-3.1pp"
"Secret Invasion","U","R","12848","2.25","6383","2.35","36903","89.8%","56.8%","6206","54.5%","10485","62.4%","16691","59.4%","20219","54.5%","4.9pp"
"S.H.I.E.L.D. Deployment Drone","U","C","139303","3.78","46422","4.61","276550","91.8%","57.8%","48814","58.7%","78332","60.3%","127146","59.7%","149563","56.2%","3.5pp"
"S.H.I.E.L.D. Flying Car","U","R","13682","2.36","6911","2.48","39757","90.5%","56.2%","6743","56.5%","11190","60.5%","17933","59.0%","21817","54.0%","5.0pp"
"Shuri, Wakandan Inventor","U","U","73859","5.25","12180","7.22","44614","58.0%","54.2%","7989","56.7%","11892","54.0%","19881","55.1%","24727","53.5%","1.5pp"
"Stature, Size Shifter","U","U","60151","4.10","17563","4.89","95366","84.0%","57.6%","17070","59.3%","26574","59.1%","43644","59.2%","51819","56.2%","3.0pp"
"Super Intelligence","U","U","70154","5.02","8405","7.52","24580","48.0%","51.3%","4222","52.4%","6729","52.7%","10951","52.6%","13635","50.2%","2.4pp"
"Super Suit","U","C","221490","7.01","28739","10.28","54566","30.1%","54.2%","9291","54.1%","14809","56.6%","24100","55.6%","30448","53.1%","2.5pp"
"Thirst for Knowledge","U","U","85362","6.35","10476","9.41","18085","27.7%","51.3%","3098","48.0%","4840","53.9%","7938","51.6%","10150","51.1%","0.5pp"
"Tony Stark","U","M","5785","2.13","2875","2.07","15364","84.5%","55.7%","2718","58.8%","4413","61.0%","7131","60.1%","8300","52.0%","8.2pp"
"Trickster's Stratagem","U","C","153919","4.21","48149","5.14","281709","89.7%","58.0%","47294","57.3%","80698","62.2%","127992","60.4%","153779","56.0%","4.3pp"
"We Say Thee Nay!","U","C","163310","4.43","43746","5.62","244544","86.8%","57.3%","43090","59.1%","68029","59.5%","111119","59.3%","133435","55.6%","3.7pp"
"Wiccan, Rising Magician","U","U","67210","4.56","12585","6.22","55701","69.8%","55.2%","9170","52.0%","16409","57.1%","25579","55.3%","30481","55.1%","0.2pp"
"The Wondrous Wasp","U","R","11074","1.90","6977","1.93","43160","93.9%","58.8%","7735","62.0%","12141","63.9%","19876","63.2%","23352","55.2%","8.0pp"
"Agents of HYDRA","B","C","210391","6.47","25542","9.42","80764","51.0%","52.5%","14482","51.4%","21095","53.7%","35577","52.8%","45200","52.3%","0.4pp"
"Arnim Zola, Bio-Fanatic","B","U","70393","5.05","9660","7.11","34980","60.1%","50.4%","6133","47.1%","9468","52.0%","15601","50.1%","19471","50.7%","-0.6pp"
"Baron Helmut Zemo","B","R","25834","4.40","3693","6.25","9396","41.9%","50.4%","1670","51.4%","2632","52.4%","4302","52.0%","5157","49.1%","2.9pp"
"Baron Strucker, HYDRA Overlord","B","U","52444","3.66","10674","4.64","57118","86.3%","53.9%","10128","57.4%","15756","55.6%","25884","56.3%","31409","51.8%","4.5pp"
"Black Widow, Super Spy","B","M","4654","1.69","2625","1.72","14389","86.2%","55.0%","2623","60.6%","3964","55.8%","6587","57.7%","7886","52.7%","5.0pp"
"Construct a Cosmic Cube","B","R","20809","3.74","4116","4.49","13703","55.1%","48.8%","2382","47.4%","4046","49.8%","6428","48.9%","7194","48.8%","0.1pp"
"Crossbones, Malicious Mercenary","B","U","58143","4.12","8955","5.56","41622","76.5%","51.8%","7200","50.7%","11477","54.0%","18677","52.7%","23248","51.0%","1.7pp"
"Cruel Alliance","B","C","126949","3.52","35138","4.33","202971","90.6%","56.1%","35154","55.7%","56531","61.2%","91685","59.1%","111315","53.6%","5.4pp"
"Dark Deed","B","U","35019","2.44","13368","2.81","77903","91.4%","55.9%","13587","57.7%","21687","60.5%","35274","59.4%","42631","53.1%","6.4pp"
"Decoy Ploy","B","C","226305","7.54","27582","10.91","40878","23.8%","52.6%","6676","47.0%","11028","54.5%","17704","51.7%","23199","53.4%","-1.7pp"
"Doctor Doom","B","M","3825","1.38","2964","1.35","17869","92.5%","57.9%","3067","63.8%","5149","65.7%","8216","65.0%","9679","51.9%","13.0pp"
"Doom Reigns Supreme","B","R","15151","2.72","3870","3.00","18582","79.8%","51.6%","3339","55.0%","4770","51.9%","8109","53.2%","10255","50.7%","2.5pp"
"Elektra, Daughter of the Hand","B","R","10933","1.94","5818","1.94","33276","88.4%","56.8%","5824","62.4%","9312","62.8%","15136","62.6%","18175","51.9%","10.7pp"
"Grim Reaper, Lethal Legionnaire","B","U","75763","5.55","8526","8.31","22898","43.7%","51.0%","3902","48.0%","6205","53.7%","10107","51.5%","12911","50.6%","0.9pp"
"Hour of Defeat","B","C","126605","3.43","29831","4.42","166201","88.8%","54.6%","28465","53.4%","45961","58.8%","74426","56.7%","91819","53.0%","3.8pp"
"HYDRA Infiltration","B","C","222360","7.33","29505","10.44","55314","29.8%","54.9%","9347","53.9%","15293","57.7%","24640","56.3%","30681","53.8%","2.5pp"
"HYDRA Troopers","B","C","211419","6.51","26764","9.38","77925","46.9%","52.3%","13396","50.7%","20959","54.8%","34355","53.2%","43620","51.6%","1.6pp"
"Kingpin's Enforcers","B","C","218482","6.86","26407","10.05","66293","40.1%","53.1%","11359","52.3%","18108","55.4%","29467","54.2%","36979","52.2%","2.0pp"
"Klaw, Sonic Subjugator","B","U","59681","4.00","13844","5.06","73368","84.1%","55.1%","12754","55.1%","20183","57.7%","32937","56.7%","40464","53.8%","2.9pp"
"Madame Masque","B","U","51301","3.58","14093","4.31","76266","85.7%","55.4%","12731","56.1%","22078","59.8%","34809","58.4%","41663","53.0%","5.5pp"
"The Masters of Evil","B","U","62262","4.43","10180","5.93","46004","73.7%","52.1%","7656","49.1%","12886","56.4%","20542","53.7%","25637","50.9%","2.8pp"
"M.O.D.O.K.","B","M","4370","1.58","2828","1.55","16591","90.5%","57.3%","2848","61.9%","4867","64.4%","7715","63.4%","9023","52.1%","11.3pp"
"Moonstone, Harsh Mistress","B","U","77623","5.67","10538","7.99","27998","43.6%","51.5%","4794","48.5%","8163","53.8%","12957","51.8%","15209","51.0%","0.8pp"
"Ninja of the Hand","B","C","209811","6.32","26319","9.28","86274","52.5%","54.1%","15067","52.1%","23677","56.7%","38744","54.9%","47695","53.4%","1.5pp"
"Project Deathlok Soldier","B","C","227125","7.69","25847","11.22","35383","21.9%","52.5%","6232","51.7%","9324","53.0%","15556","52.5%","19847","52.5%","-0.1pp"
"Red Room Recruit","B","C","192654","5.48","30745","7.60","151326","78.8%","54.2%","27201","54.2%","40952","55.8%","68153","55.2%","83261","53.4%","1.8pp"
"Robot Domination","B","U","76521","5.75","9560","8.22","23495","40.4%","49.9%","3809","45.8%","6318","49.6%","10127","48.2%","13283","51.3%","-3.1pp"
"Ronin, Shadow Stalker","B","U","85921","6.51","11778","9.23","21959","29.7%","54.7%","3775","55.1%","5789","55.5%","9564","55.3%","12436","54.2%","1.1pp"
"Roxxon Brutes","B","C","208988","6.07","29732","8.77","118868","64.1%","53.7%","21522","52.0%","32577","55.6%","54099","54.2%","65101","53.3%","0.9pp"
"Stolen Stark Tech","B","C","217086","6.83","27087","9.93","70782","42.0%","53.9%","11847","53.3%","18983","56.6%","30830","55.3%","39957","52.9%","2.5pp"
"Super-Skrull","B","R","12645","2.24","5772","2.26","31731","87.6%","55.0%","5425","56.2%","9326","60.6%","14751","59.0%","17289","51.6%","7.4pp"
"Swordsman, Sharp Scoundrel","B","U","77363","5.65","11431","7.88","36211","50.4%","54.3%","6475","56.5%","9420","55.3%","15895","55.8%","20355","53.2%","2.6pp"
"Thunderbolts Conspiracy","B","R","21431","3.82","3480","4.86","11872","57.1%","49.8%","1968","47.9%","3185","50.2%","5153","49.3%","6723","50.2%","-0.9pp"
"Too Evil to Stay Dead","B","U","84678","6.36","10077","9.41","19446","31.2%","51.7%","3258","48.3%","5350","53.3%","8608","51.4%","10847","52.0%","-0.6pp"
"Unliving Legionnaire","B","C","223859","7.25","26031","10.67","47316","29.2%","53.0%","7995","49.7%","13134","56.2%","21129","53.7%","26359","52.3%","1.4pp"
"Visions of Villainy","B","C","207837","6.32","26962","9.13","91847","55.2%","52.8%","15986","51.6%","24928","54.6%","40914","53.4%","50941","52.3%","1.2pp"
"Whiplash, Vengeful Engineer","B","U","79024","5.74","10929","8.16","33197","48.5%","54.3%","5884","59.6%","8432","54.8%","14316","56.7%","18905","52.5%","4.2pp"
"Widow's Bite","B","C","174041","4.79","29672","6.57","144513","78.0%","54.3%","25063","54.2%","39632","57.3%","64695","56.1%","79843","52.8%","3.3pp"
"Yellowjacket, Heartless Marauder","B","U","64152","4.43","10814","5.99","53926","80.8%","53.5%","9562","55.8%","14497","55.2%","24059","55.4%","29936","51.9%","3.5pp"
"Avengers Disassembled","R","R","20466","3.53","3945","4.34","14034","57.7%","52.0%","2444","52.8%","3523","55.3%","5967","54.2%","8068","50.4%","3.8pp"
"Blazing Crescendo","R","C","226020","7.61","23704","11.23","36213","24.7%","51.5%","6019","49.9%","8623","54.5%","14642","52.6%","21577","50.8%","1.8pp"
"Crimson Operative","R","C","209773","6.36","28442","8.98","97090","54.5%","53.6%","16602","52.0%","24942","55.5%","41544","54.1%","55629","53.2%","0.9pp"
"Death to Our Enemies","R","U","83406","6.49","8986","9.72","12914","23.4%","48.3%","2206","45.1%","3357","47.3%","5563","46.4%","7341","49.8%","-3.3pp"
"Evil's Thrall","R","U","90794","7.18","9284","10.92","6453","11.3%","50.1%","1044","48.9%","1614","54.0%","2658","52.0%","3796","48.8%","3.2pp"
"Fin Fang Foom","R","R","16999","3.02","4221","3.45","18942","72.9%","52.7%","3185","51.9%","4988","54.7%","8173","53.6%","10927","51.9%","1.7pp"
"Hawkeye, Master Marksman","R","R","11765","2.09","5025","2.12","26876","84.9%","55.2%","4860","59.4%","6606","58.3%","11466","58.8%","15507","52.5%","6.3pp"
"Hawkeye, Young Avenger","R","U","72037","5.19","10095","7.16","33142","53.3%","51.9%","5605","50.4%","8189","52.3%","13794","51.5%","19479","52.1%","-0.6pp"
"Hawkeye's Bow","R","C","222054","7.39","23441","10.88","33729","23.3%","51.3%","5792","50.4%","8140","54.6%","13932","52.9%","19793","50.1%","2.8pp"
"Hex Magic","R","U","95165","7.82","10484","11.51","3899","5.9%","48.6%","633","44.1%","959","47.3%","1592","46.0%","2308","50.3%","-4.3pp"
"Hire a Crew","R","C","234057","8.57","23757","12.46","7573","5.1%","48.6%","1295","44.3%","1782","48.3%","3077","46.6%","4499","49.9%","-3.2pp"
"HULK SMASH!","R","C","186085","5.19","25467","7.34","110808","69.8%","53.7%","18864","52.9%","27459","56.6%","46323","55.1%","64524","52.6%","2.5pp"
"Human Torch, Johnny Storm","R","U","73488","5.23","8592","7.68","26841","50.8%","52.1%","4739","49.3%","6591","53.8%","11330","51.9%","15540","52.1%","-0.2pp"
"HYDRA Assault Robot","R","C","192354","5.91","23048","8.40","88032","62.6%","51.6%","15822","51.2%","21822","53.0%","37644","52.3%","50392","51.0%","1.3pp"
"Iron Fist, Living Weapon","R","U","83021","6.25","9681","9.17","17569","29.1%","52.0%","3146","50.4%","4028","50.7%","7174","50.6%","10417","53.0%","-2.4pp"
"Jessica Jones, Private Eye","R","U","63141","4.42","14866","5.43","71835","76.3%","55.6%","12625","57.8%","18497","57.6%","31122","57.7%","40929","54.0%","3.7pp"
"K'un-Lun Warrior","R","C","226058","7.48","25388","10.82","50313","31.8%","53.0%","9023","52.9%","11871","51.9%","20894","52.3%","29382","53.4%","-1.1pp"
"Kree Sentinel","R","C","211548","6.20","27188","9.03","100190","59.2%","53.4%","18166","52.1%","25947","54.8%","44113","53.7%","56396","53.1%","0.6pp"
"Lightning Strike","R","C","126335","3.43","25040","4.45","137531","88.3%","53.8%","23833","53.7%","34515","56.5%","58348","55.4%","79199","52.7%","2.7pp"
"Loki Laufeyson","R","U","65570","4.51","10862","5.98","46198","69.5%","52.7%","8244","53.1%","11332","52.5%","19576","52.7%","26743","52.7%","0.1pp"
"Machinesmith Automaton","R","C","212433","7.02","21946","10.27","47619","35.5%","50.1%","8364","49.8%","12154","51.1%","20518","50.6%","27141","49.6%","1.0pp"
"Misty Knight, Hero for Hire","R","U","84936","6.14","11412","8.73","33694","47.1%","53.6%","6071","54.4%","8107","52.7%","14178","53.4%","19497","53.8%","-0.3pp"
"Mjölnir, Hammer of Thor","R","M","4176","1.53","2607","1.49","14090","87.2%","54.7%","2453","56.4%","3603","60.4%","6056","58.8%","8022","51.7%","7.1pp"
"Photon Blast Barrage","R","U","65496","4.49","12431","5.83","56329","72.0%","54.1%","9612","52.7%","14118","58.1%","23730","55.9%","32619","52.7%","3.2pp"
"Quicksilver, Brash Blur","R","R","28121","4.75","3151","7.34","5986","30.6%","50.0%","1128","51.6%","1386","50.1%","2514","50.8%","3482","49.6%","1.2pp"
"Red Hulk","R","U","64690","4.64","7864","6.66","28748","59.9%","51.2%","4806","50.4%","7194","53.3%","12000","52.1%","16913","50.5%","1.7pp"
"Repulsor Blast","R","C","182860","5.11","23679","7.35","101203","70.1%","51.7%","17043","48.9%","25717","53.8%","42760","51.8%","58469","51.6%","0.2pp"
"The Scarlet Witch","R","R","30184","5.26","3610","7.96","3445","15.3%","49.7%","581","45.3%","855","48.7%","1436","47.3%","2012","51.2%","-4.0pp"
"Speed, Young Avenger","R","U","87189","6.65","10004","9.84","19249","30.8%","53.7%","3487","55.6%","4378","51.7%","7865","53.4%","11373","53.9%","-0.4pp"
"Stark Industries Executive","R","C","213009","6.67","23744","9.74","61232","42.2%","50.5%","11031","53.0%","15002","49.4%","26033","51.0%","35217","50.2%","0.7pp"
"Super Speed","R","C","233756","8.47","22803","12.45","7094","5.0%","49.8%","1198","47.2%","1614","50.7%","2812","49.2%","4283","50.2%","-1.0pp"
"Team Tactics","R","U","85604","6.48","9139","9.80","15849","28.2%","51.4%","2565","46.9%","3750","53.1%","6315","50.6%","9541","51.9%","-1.3pp"
"Thor, God of Thunder","R","M","3900","1.43","2657","1.38","15008","88.3%","56.0%","2528","59.2%","4015","64.6%","6543","62.5%","8518","51.1%","11.4pp"
"Truck Toss","R","U","69457","4.83","10021","6.71","40529","65.5%","52.1%","6714","49.6%","10128","53.8%","16842","52.1%","23701","52.1%","0.0pp"
"Vision of Love","R","C","230105","7.91","23520","11.64","23386","16.0%","50.0%","4158","48.3%","5710","50.4%","9868","49.5%","13520","50.3%","-0.8pp"
"Volcanic Villain","R","C","229620","8.03","21631","11.96","14808","11.1%","50.2%","2548","48.1%","3468","50.3%","6016","49.4%","8800","50.7%","-1.3pp"
"Wonder Man, Hollywood Hero","R","U","78756","5.74","8328","8.68","18635","36.7%","51.5%","3071","48.9%","4450","52.0%","7521","50.8%","11186","51.9%","-1.1pp"
"Ant-Man's Army","G","C","203619","5.95","34371","8.08","150852","68.4%","56.5%","26730","56.8%","37295","56.7%","64025","56.7%","86924","56.2%","0.5pp"
"Call Damage Control","G","C","232552","8.06","27005","11.64","24179","14.2%","52.9%","4031","47.5%","6027","54.7%","10058","51.8%","14132","53.7%","-1.9pp"
"Claim the Kingdom","G","U","68202","4.91","7562","7.33","24567","53.1%","50.8%","4244","50.9%","5806","50.1%","10050","50.4%","14496","51.0%","-0.5pp"
"Doc Samson, Super Psychiatrist","G","U","71726","5.13","9098","7.55","31111","54.7%","53.0%","5214","52.4%","7712","52.9%","12926","52.7%","18292","53.1%","-0.4pp"
"Earth's Mightiest Heroes","G","M","6130","2.23","2671","2.27","14059","83.9%","55.6%","2359","56.1%","3614","59.0%","5973","57.8%","8090","53.9%","3.9pp"
"Epic Fight","G","R","13093","2.30","5212","2.44","29433","88.7%","55.7%","4914","55.1%","7309","59.7%","12223","57.9%","17219","54.1%","3.8pp"
"Giant Growth","G","C","225499","7.45","25209","11.00","42189","26.4%","54.4%","6975","51.8%","9901","57.3%","16876","55.0%","25329","53.9%","1.1pp"
"Go Nuts!","G","C","160975","4.35","34353","5.66","189968","86.0%","56.6%","32086","55.9%","48268","59.1%","80354","57.8%","109657","55.7%","2.1pp"
"Guerrilla Gorilla","G","C","208466","6.09","29481","8.73","118792","63.2%","55.9%","21125","55.6%","28548","56.1%","49673","55.9%","68955","55.9%","0.1pp"
"Hellcat, Undying Vigilante","G","U","71827","4.99","10909","6.98","45508","65.5%","55.3%","8026","57.3%","10869","55.5%","18895","56.2%","26581","54.7%","1.5pp"
"Hercules, Prince of Power","G","U","73918","5.10","10877","7.32","43779","63.7%","55.0%","7583","53.7%","10636","55.3%","18219","54.7%","25605","55.2%","-0.5pp"
"Heroic Feast","G","R","24026","4.18","3935","5.51","11740","48.5%","52.7%","2033","50.6%","2911","54.6%","4944","52.9%","6801","52.5%","0.4pp"
"Hulkling, Burgeoning Bruiser","G","U","72983","5.12","9241","7.49","31938","55.4%","53.1%","5766","52.9%","7464","51.9%","13230","52.4%","18728","53.6%","-1.2pp"
"Ka-Zar of the Savage Land","G","U","38831","2.74","15928","3.02","94542","91.3%","57.9%","16097","59.3%","24344","62.0%","40441","60.9%","53944","55.6%","5.3pp"
"Knight of Wundagore","G","C","206277","6.11","25442","8.98","90115","56.5%","53.5%","16224","52.8%","21125","52.2%","37349","52.4%","52814","54.3%","-1.8pp"
"Mister Hyde, Monster Within","G","U","55076","3.76","9700","5.08","50111","82.4%","54.4%","8923","55.8%","12351","54.7%","21274","55.1%","29060","53.7%","1.4pp"
"Mole Man, Moloid Master","G","R","20081","3.46","4036","4.30","16428","65.6%","53.2%","2887","53.2%","4079","53.8%","6966","53.6%","9494","53.0%","0.6pp"
"Pet Avengers","G","C","205500","5.94","33478","8.30","141421","66.1%","56.5%","24166","54.7%","36500","58.1%","60666","56.7%","81117","56.3%","0.4pp"
"Powerful Broker","G","C","227836","7.60","25604","11.18","30373","18.8%","53.1%","5281","51.1%","7155","51.5%","12436","51.3%","17973","54.3%","-3.0pp"
"Punishing Punch","G","U","46328","3.11","14298","3.72","83740","90.7%","57.2%","14004","57.6%","21461","60.9%","35465","59.6%","48294","55.5%","4.1pp"
"Rapid Rescue","G","C","230634","8.06","31968","11.15","55199","27.1%","57.2%","9962","57.0%","13970","58.2%","23932","57.7%","31271","56.7%","1.0pp"
"Reptil, Dinomorpher","G","U","81289","5.92","10218","8.74","29210","45.1%","55.7%","5196","56.6%","6964","56.3%","12160","56.4%","17041","55.1%","1.4pp"
"Restorative Technique","G","C","215382","6.85","22010","10.44","40134","29.1%","52.0%","6989","51.0%","9501","53.0%","16490","52.2%","23647","51.8%","0.4pp"
"Rick Jones, Destined Sidekick","G","U","94140","7.50","11638","10.86","8988","12.3%","53.9%","1601","54.3%","2122","53.3%","3723","53.8%","5268","54.0%","-0.2pp"
"Savage Land Dinosaur","G","C","204093","5.83","30154","8.37","129391","67.4%","55.4%","23673","54.0%","32187","56.5%","55860","55.4%","73917","55.3%","0.1pp"
"Serpent Specialist","G","C","201026","5.80","27133","8.40","117142","67.8%","55.9%","20676","57.6%","28624","55.8%","49300","56.5%","68020","55.4%","1.2pp"
"Shang-Chi, Master of Kung Fu","G","M","7804","2.67","2106","3.02","9646","74.4%","52.9%","1647","54.6%","2295","51.9%","3942","53.0%","5695","52.8%","0.2pp"
"She-Hulk, Jade Defender","G","U","50184","3.42","14280","4.06","81315","87.5%","57.5%","13975","58.3%","20932","61.6%","34907","60.3%","46623","55.5%","4.8pp"
"Super Strength","G","C","231514","8.38","23761","12.32","8570","5.7%","51.3%","1358","47.7%","2094","54.1%","3452","51.6%","5125","51.0%","0.6pp"
"The Thing, Ben Grimm","G","U","69253","4.90","8674","7.28","32705","60.7%","52.8%","5421","50.5%","8076","54.0%","13497","52.6%","19291","52.9%","-0.3pp"
"Tigra, Feline Fury","G","U","80961","5.80","11029","8.46","30163","43.7%","54.0%","5459","54.8%","7172","52.2%","12631","53.3%","17496","54.4%","-1.1pp"
"Training Regimen","G","U","66138","4.78","7826","7.07","28568","58.9%","52.0%","4781","51.7%","6757","52.2%","11538","52.0%","17034","51.9%","0.1pp"
"The Unbeatable Squirrel Girl","G","R","11591","2.11","5646","2.11","31712","87.7%","56.9%","5417","58.0%","8230","60.0%","13647","59.2%","18221","55.1%","4.1pp"
"Undercover Skrull","G","C","138132","3.77","36081","4.67","208240","89.1%","57.3%","38083","62.1%","50720","56.9%","88803","59.1%","119532","56.0%","3.2pp"
"Wakandan Royal Guard","G","C","215805","6.57","27628","9.61","87523","50.2%","55.0%","14474","53.8%","21389","56.6%","35863","55.5%","51631","54.7%","0.8pp"
"White Tiger, Ava Ayala","G","U","56842","3.78","13662","4.76","76705","87.7%","56.4%","13818","56.2%","19097","58.2%","32915","57.4%","43746","55.8%","1.6pp"
"World War Hulk","G","R","15735","2.81","3555","3.15","15580","71.6%","52.1%","2703","50.7%","3602","53.9%","6305","52.5%","9278","51.8%","0.7pp"
"Abomination, Terrifying Titan","RG","U","56101","3.63","11213","4.84","60134","85.2%","55.3%","10254","53.8%","15242","58.3%","25496","56.5%","34900","54.4%","2.1pp"
"Absorbing Man","UG","R","19058","3.37","6162","3.61","28165","71.1%","57.1%","4894","61.5%","7634","59.4%","12528","60.2%","15860","54.5%","5.7pp"
"Alien Invasion","RG","R","16686","3.15","3994","3.41","16664","68.6%","51.1%","2814","51.6%","3936","50.1%","6750","50.7%","9915","51.4%","-0.7pp"
"Ant-Man, Colony Commander","UG","U","71283","5.14","10603","7.20","34354","52.3%","53.2%","6040","53.2%","8791","53.9%","14831","53.6%","19584","52.8%","0.8pp"
"Ares, God of War","BR","R","18172","3.32","4417","3.81","18719","69.0%","53.3%","3230","56.5%","5000","56.6%","8230","56.5%","10627","50.8%","5.7pp"
"Armor Wars","UR","R","30130","5.10","4287","7.28","7230","27.6%","48.5%","1233","45.9%","1843","49.6%","3076","48.1%","4155","48.7%","-0.6pp"
"The Astonishing Ant-Man","UG","R","16960","3.12","4875","3.41","21772","70.8%","54.9%","3861","59.8%","5854","54.8%","9715","56.8%","12145","53.3%","3.5pp"
"Avengers: Under Siege","BR","R","14624","2.63","5717","2.64","29407","80.4%","56.9%","5060","63.9%","7896","63.8%","12956","63.8%","16456","51.4%","12.5pp"
"Beast, Erudite Aerialist","UG","U","73021","4.95","8535","7.43","24927","47.3%","51.1%","4247","48.4%","6317","50.0%","10564","49.4%","14434","52.1%","-2.7pp"
"Black Panther, Vanguard","WG","U","54896","3.89","12489","4.87","58427","73.9%","55.4%","9872","54.1%","15106","55.6%","24978","55.0%","33706","55.5%","-0.5pp"
"Black Widow, Double Agent","WB","U","66808","4.79","12070","6.38","45227","60.1%","54.0%","7819","54.0%","12511","56.1%","20330","55.3%","25075","52.9%","2.4pp"
"Bullseye, Death Dealer","BR","U","65048","4.36","10264","5.97","44919","71.1%","52.9%","7919","53.2%","11926","54.8%","19845","54.2%","25152","52.0%","2.2pp"
"Captain America, Living Legend","WU","U","51550","3.66","15009","4.32","77983","81.1%","56.6%","13520","57.2%","22374","57.8%","35894","57.5%","42377","55.9%","1.7pp"
"Cloak and Dagger, Entwined","WB","R","14711","2.69","6268","2.70","31885","78.8%","57.4%","5510","60.6%","9148","62.3%","14658","61.6%","17398","53.8%","7.8pp"
"The Coming of Galactus","BG","M","4952","1.85","2793","1.75","15774","88.4%","56.8%","2778","61.9%","4337","63.5%","7115","62.9%","8661","51.7%","11.1pp"
"Daredevil, Man Without Fear","WR","R","12756","2.38","5792","2.39","30265","82.4%","55.7%","5190","56.7%","8307","59.3%","13497","58.3%","16859","53.7%","4.5pp"
"Ghost, Spectral Saboteur","UB","U","78245","5.46","9214","8.32","24055","42.1%","51.5%","4254","50.8%","6404","53.3%","10658","52.3%","13442","50.9%","1.4pp"
"Hulk, Gamma Goliath","RG","U","66041","4.72","9397","6.64","34974","59.8%","53.8%","5852","52.7%","8566","56.7%","14418","55.0%","20715","52.8%","2.2pp"
"Iron Man, Master of Machines","UR","U","69692","5.14","11020","6.85","39754","57.6%","53.3%","6745","53.9%","10829","55.5%","17574","54.9%","22380","51.9%","3.0pp"
"Kang, Temporal Tyrant","UB","U","68092","4.91","11740","6.61","42704","58.9%","52.9%","7106","53.8%","13030","56.1%","20136","55.3%","22870","50.7%","4.6pp"
"Killmonger, Scourge of Wakanda","BG","U","55175","3.94","15132","4.58","74974","77.0%","56.9%","12726","58.2%","20348","61.7%","33074","60.3%","42043","54.1%","6.3pp"
"King T'Challa","WU","M","4107","1.49","3239","1.46","19541","94.0%","56.9%","3301","60.4%","5734","60.6%","9035","60.6%","10555","53.8%","6.7pp"
"The Kingpin of Crime","WB","R","21536","3.70","5509","4.27","22206","64.5%","54.7%","3846","55.9%","6364","57.3%","10210","56.8%","12154","52.9%","3.9pp"
"Madame Hydra","BR","U","65586","4.83","9313","6.58","34003","61.0%","50.0%","5758","49.7%","9268","49.7%","15026","49.7%","19182","50.1%","-0.4pp"
"The Mighty Thor, Jane Foster","WU","R","11007","2.03","6708","1.98","38514","89.3%","57.5%","6914","60.7%","11199","60.1%","18113","60.3%","20722","55.1%","5.2pp"
"Moon Girl and Devil Dinosaur","UG","R","19193","3.47","4904","3.88","19643","63.5%","54.2%","3341","55.7%","5521","54.6%","8862","55.0%","10865","53.5%","1.6pp"
"The Ruinous Wrecking Crew","BR","R","15566","2.72","5787","2.80","30089","81.8%","56.1%","5212","59.6%","8139","62.4%","13351","61.3%","16807","52.0%","9.3pp"
"Scientist Supreme of A.I.M.","UB","R","32002","5.31","4939","7.57","7772","25.5%","51.2%","1355","51.4%","2299","51.6%","3654","51.6%","4124","51.0%","0.6pp"
"The Serpent Society","BG","R","22411","3.90","4470","4.80","16527","58.8%","54.7%","2854","55.3%","4211","57.9%","7065","56.8%","9506","53.0%","3.8pp"
"Speedball, New Warrior","UR","U","80264","5.71","10840","8.25","25671","38.5%","51.4%","4594","50.3%","6400","49.9%","10994","50.1%","14680","52.4%","-2.3pp"
"Spider-Man, To the Rescue","WG","U","51574","3.30","11714","4.34","64578","88.0%","55.4%","11188","53.6%","16287","55.5%","27475","54.7%","37077","55.8%","-1.1pp"
"Spider-Woman, Secret Agent","WU","U","40392","2.73","16058","3.19","98843","95.3%","57.3%","17094","55.8%","27768","60.7%","44862","58.8%","54149","56.0%","2.8pp"
"Storm, Windrider","WG","R","12030","2.24","6038","2.19","33039","85.6%","56.6%","5608","58.3%","8928","60.7%","14536","59.7%","18622","54.1%","5.6pp"
"The Super Hero Civil War","WR","R","8445","1.52","6873","1.49","43973","95.2%","60.1%","7657","66.4%","12116","71.0%","19773","69.2%","24203","52.6%","16.7pp"
"Taskmaster, Mercenary Mimic","UB","R","20785","3.58","4850","4.34","18647","62.6%","52.8%","3176","51.3%","5576","55.8%","8752","54.1%","10023","51.6%","2.6pp"
"Thanos, the Mad Titan","WBR","M","9161","3.24","2080","3.80","7141","55.8%","52.7%","1196","54.4%","2025","58.9%","3221","57.2%","3977","48.8%","8.4pp"
"Thor Odinson","WR","U","63558","4.60","8879","6.44","30380","55.8%","52.0%","5101","49.7%","7619","53.1%","12720","51.7%","17782","52.2%","-0.5pp"
"Titania, Rugged Rumbler","BG","U","58415","3.86","10181","5.23","51764","81.1%","54.4%","9150","56.5%","13566","55.8%","22716","56.1%","29301","53.0%","3.1pp"
"U.S.Agent, John Walker","WB","U","51964","3.34","14546","4.23","80930","88.5%","55.9%","13843","55.4%","22049","57.9%","35892","56.9%","45134","55.1%","1.8pp"
"Vision Quest","UR","R","20529","3.59","7444","3.73","34149","72.1%","56.8%","5699","56.4%","9721","63.5%","15420","60.8%","18732","53.5%","7.4pp"
"War Machine, Legacy of Iron","WR","U","61371","3.99","9747","5.57","43506","72.4%","52.5%","7637","50.8%","10714","52.5%","18351","51.8%","25218","53.0%","-1.2pp"
"Winter Soldier, Icy Assassin","WB","R","23509","4.04","5497","4.79","19758","57.4%","55.1%","3524","58.3%","5282","58.6%","8806","58.5%","11041","52.5%","6.0pp"
"Wolverine, Fierce Fighter","RG","R","12244","2.19","5909","2.11","33258","85.9%","58.1%","5648","63.1%","8403","64.3%","14051","63.9%","19202","53.9%","10.0pp"
"Worlds Within Worlds","UG","R","39336","6.51","5018","9.90","617","2.0%","47.6%","104","","138","","242","","375","",""
"A.I.M. Synthoids","","C","224222","6.83","29033","9.99","71140","39.3%","52.8%","13345","50.1%","18284","53.9%","31629","52.3%","39511","53.1%","-0.8pp"
"Arc Reactor","","R","33657","5.59","3711","8.80","1818","7.9%","46.2%","267","","485","","752","42.4%","1065","48.8%","-6.4pp"
"Captain America's Shield","","R","8173","1.44","5379","1.43","32363","96.7%","54.6%","5839","54.6%","8589","58.7%","14428","57.0%","17922","52.7%","4.3pp"
"Cosmic Cube","","M","3790","1.34","3043","1.32","19079","97.8%","57.3%","3305","60.0%","5223","62.6%","8528","61.6%","10543","53.8%","7.8pp"
"Dependable Quinjet","","C","220747","6.59","27031","9.72","56355","33.2%","53.3%","10166","52.9%","14252","54.6%","24418","53.9%","31921","52.9%","1.0pp"
"H.E.R.B.I.E. Scout Unit","","C","181762","4.72","42985","6.38","233772","84.9%","56.7%","40284","55.9%","64306","58.9%","104590","57.7%","129388","55.8%","1.9pp"
"Iron Man Armor","","M","3683","1.29","2864","1.29","18035","98.1%","55.9%","3080","56.1%","4832","60.9%","7912","59.0%","10118","53.5%","5.5pp"
"S.H.I.E.L.D. Helicarrier","","U","92485","6.87","12220","9.94","18043","23.2%","55.3%","3113","53.9%","4774","58.5%","7887","56.7%","10157","54.3%","2.4pp"
"Super-Adaptoid","","R","11161","1.97","5006","2.10","30004","94.3%","55.2%","5561","56.9%","7912","57.2%","13473","57.1%","16640","53.6%","3.5pp"
"The Ten Rings","","M","14509","4.71","1852","7.11","1923","16.9%","52.0%","291","","523","49.3%","814","49.5%","1111","53.8%","-4.3pp"
"Ultron, Artificial Malevolence","","M","5450","1.93","2277","1.96","11363","81.3%","52.6%","2099","52.6%","3057","53.9%","5156","53.4%","6276","51.8%","1.5pp"
"Ultron Drone","","C","223739","6.83","26809","10.18","53552","31.8%","52.8%","9318","50.4%","14242","55.6%","23560","53.6%","30072","52.2%","1.4pp"
"Vibranium Energy Daggers","","C","226725","7.41","21172","11.34","18189","13.7%","50.3%","3207","48.7%","4625","51.9%","7832","50.6%","10342","50.1%","0.5pp"
"The Vision","","R","6840","1.21","5893","1.21","37128","99.0%","56.2%","6348","58.6%","10614","58.8%","16962","58.8%","20566","53.9%","4.9pp"
"Viv Vision, Teen Synthezoid","","U","69520","4.39","9096","6.57","39778","70.0%","53.3%","6984","51.3%","10465","54.8%","17449","53.4%","22430","53.3%","0.1pp"
"A.I.M. Labs","","C","111703","6.25","19141","8.85","70948","58.7%","54.9%","12822","57.1%","19408","55.3%","32230","56.0%","38716","53.9%","2.0pp"
"Asgardian Citadel","","C","108683","5.90","17450","8.48","70945","64.0%","55.5%","12912","58.2%","16865","54.8%","29777","56.3%","41169","55.0%","1.2pp"
"Avengers Hangar","","C","107143","5.61","20894","7.94","103141","76.7%","57.0%","18893","58.8%","26548","55.9%","45441","57.1%","57700","57.0%","0.1pp"
"Avengers Tower","","U","70787","4.41","16269","5.82","92624","87.1%","58.3%","16739","59.6%","23504","60.2%","40243","59.9%","52385","57.1%","2.9pp"
"Baxter Building","","U","75538","4.70","15718","6.46","87110","87.0%","56.1%","14905","55.5%","22743","58.0%","37648","57.0%","49469","55.4%","1.6pp"
"Birnin Zana Plaza","","C","109945","5.96","18592","8.52","80688","68.1%","56.0%","14624","58.2%","18796","54.4%","33420","56.1%","47269","55.9%","0.1pp"
"Castle Doom","","R","28554","4.60","4346","6.42","12486","47.1%","51.3%","2146","50.0%","3329","53.4%","5475","52.1%","7012","50.6%","1.5pp"
"Dark Fortress","","R","30285","4.34","4841","6.34","18713","62.0%","53.8%","3452","55.2%","4781","54.8%","8233","55.0%","10480","52.8%","2.2pp"
"Fisk Tower","","C","111633","6.25","18969","8.91","69859","58.0%","55.1%","12888","57.2%","17605","54.3%","30493","55.5%","39366","54.7%","0.8pp"
"Gathering Place","","R","29289","4.10","5414","5.87","23520","69.2%","55.2%","4324","55.7%","5539","55.8%","9863","55.7%","13658","54.8%","0.9pp"
"Gleaming Bastion","","R","28437","3.90","6126","5.44","29686","76.1%","56.4%","5264","57.3%","7790","56.8%","13054","57.0%","16631","55.9%","1.1pp"
"Hell's Kitchen","","C","110733","6.31","16052","8.99","61164","60.7%","54.5%","11064","56.0%","15511","53.9%","26575","54.8%","34589","54.2%","0.5pp"
"Hidden Lair","","R","30477","4.32","5552","6.20","21248","60.9%","54.4%","3825","56.4%","5782","56.3%","9607","56.3%","11641","52.8%","3.5pp"
"Los Diablos Missile Base","","C","110319","6.28","16394","8.99","63389","60.9%","55.6%","11284","57.0%","14949","54.8%","26233","55.7%","37157","55.5%","0.2pp"
"Pym Technologies","","C","110933","6.15","18815","8.69","74298","62.0%","55.9%","13843","57.9%","18664","55.4%","32507","56.5%","41792","55.4%","1.1pp"
"Stark Industries","","C","110075","6.14","18109","8.76","69897","61.0%","55.0%","12678","57.1%","18251","55.0%","30929","55.8%","38968","54.3%","1.6pp"
"Subterranean Cavern","","C","112422","6.44","18195","9.04","70673","60.9%","55.9%","12861","58.1%","17478","54.5%","30339","56.0%","40335","55.8%","0.2pp"
"Surveillance Room","","C","213150","5.82","35810","8.42","189173","83.2%","55.9%","34496","55.7%","48109","56.6%","82605","56.2%","106572","55.6%","0.6pp"
"Training Compound","","R","30557","4.38","4955","6.36","19330","62.0%","55.5%","3513","56.2%","4475","55.0%","7988","55.5%","11343","55.4%","0.1pp"
"Villainous Hideout","","U","78897","5.16","12677","7.30","60587","75.6%","55.1%","10878","56.9%","16105","57.8%","26983","57.4%","33606","53.3%","4.1pp"
"Archangel of Thune","W","M","314","1.56","196","","1175","93.9%","55.3%","215","","311","","526","56.3%","664","54.7%","1.6pp"
"Concerted Effort","W","M","892","4.04","125","","211","26.9%","","39","","53","","92","","119","",""
"Don't Move","W","M","720","3.05","178","","833","74.8%","55.7%","131","","207","","338","","497","",""
"Ephemerate","W","M","883","3.81","173","","666","64.2%","52.7%","98","","176","","274","","393","",""
"Final Showdown","W","M","526","2.19","231","2.30","1303","86.3%","59.6%","247","","373","","620","66.0%","683","53.7%","12.2pp"
"Light of Promise","W","M","1289","5.56","125","","65","8.6%","","16","","15","","31","","34","",""
"Path to Exile","W","M","464","2.05","209","2.23","1257","92.3%","57.2%","225","","354","","579","60.4%","678","54.4%","6.0pp"
"Return to the Ranks","W","M","1207","5.06","144","","136","14.9%","","19","","39","","58","","78","",""
"Righteous Fury","W","M","702","2.93","161","","693","69.6%","57.3%","112","","183","","295","","397","",""
"Steelshaper's Gift","W","M","1305","5.56","147","","96","10.2%","","23","","17","","40","","56","",""
"Teferi's Protection","W","M","910","3.96","126","","346","47.1%","","50","","95","","145","","203","",""
"Counterspell","U","M","728","3.21","216","3.78","1199","85.9%","57.1%","207","","337","","544","59.2%","656","55.5%","3.7pp"
"Cyberdrive Awakener","U","M","671","3.10","167","","615","60.7%","50.1%","102","","160","","262","","354","",""
"Dig Through Time","U","M","816","3.54","213","4.23","945","69.6%","52.9%","181","","263","","444","","501","53.9%",""
"Harbinger of the Seas","U","M","1371","5.70","165","","34","3.2%","","7","","10","","17","","17","",""
"Lord of Atlantis","U","M","1239","4.99","182","","209","18.4%","","35","","64","","99","","111","",""
"Mechanized Production","U","M","899","4.18","136","","306","35.7%","","57","","107","","164","","142","",""
"Narset's Reversal","U","M","1211","4.71","155","","313","32.4%","","62","","77","","139","","174","",""
"Reconnaissance Mission","U","M","803","3.51","177","","714","66.4%","52.5%","137","","200","","337","","377","",""
"Show and Tell","U","M","1252","5.57","168","","16","1.4%","","2","","5","","7","","9","",""
"Simulacrum Synthesizer","U","M","646","3.13","178","","819","71.4%","56.5%","138","","222","","360","","457","",""
"Three Steps Ahead","U","M","635","2.61","230","3.00","1319","89.1%","57.2%","198","","398","","596","59.2%","723","55.6%","3.6pp"
"Dauthi Voidwalker","B","M","557","2.37","199","","1134","87.5%","54.3%","209","","333","","542","57.4%","597","51.6%","5.8pp"
"Deadly Dispute","B","M","1020","4.04","185","","830","70.2%","55.5%","146","","233","","379","","451","",""
"Extinction Event","B","M","525","2.27","241","2.51","1333","89.6%","55.4%","232","","360","","592","60.0%","741","51.8%","8.1pp"
"Final Act","B","M","571","2.76","147","","697","72.7%","55.1%","133","","190","","323","","374","",""
"Massacre Girl","B","M","423","2.20","191","","1096","83.8%","56.8%","167","","312","","479","","620","52.7%",""
"No Mercy","B","M","605","2.82","128","","613","74.6%","54.5%","103","","175","","278","","335","",""
"Chaos Warp","R","M","1143","5.05","108","","215","32.7%","","40","","58","","98","","117","",""
"Fiery Emancipation","R","M","1039","4.49","135","","316","36.7%","","52","","71","","123","","193","",""
"Fury of the Horde","R","M","1093","5.27","138","","127","14.8%","","19","","22","","41","","86","",""
"Monstrous Rage","R","M","898","3.91","157","","726","75.8%","55.1%","107","","172","","279","","447","",""
"Seize the Day","R","M","1005","4.10","87","","150","27.5%","","23","","35","","58","","92","",""
"Bedlam","R","M","1349","5.55","153","","69","7.5%","","7","","15","","22","","47","",""
"Beast Within","G","M","1118","5.23","101","","115","18.8%","","15","","36","","51","","64","",""
"Defense of the Heart","G","M","788","3.31","144","","609","67.1%","52.2%","114","","151","","265","","344","",""
"Force of Vigor","G","M","1247","5.12","135","","161","18.9%","","29","","44","","73","","89","",""
"Heroic Intervention","G","M","2752","3.85","374","5.13","1474","63.6%","52.1%","227","","356","","583","53.5%","891","51.2%","2.3pp"
"Primal Vigor","G","M","1000","4.48","97","","156","30.2%","","20","","35","","55","","101","",""
"Rancor","G","M","668","3.02","184","","932","80.7%","54.9%","146","","252","","398","","534","52.2%",""
"Steely Resolve","G","M","1090","4.65","134","","200","24.6%","","33","","63","","96","","105","",""
"Unnatural Growth","G","M","928","4.03","155","","591","62.2%","56.5%","92","","129","","221","","370","",""
"Anthem of Champions","WG","M","668","3.09","194","","927","78.1%","53.7%","170","","236","","406","","521","50.7%",""
"Aurelia, the Warleader","WR","M","545","2.76","172","","709","67.8%","55.7%","122","","183","","305","","405","",""
"Black Panther, Wakandan King","WG","M","534","2.42","215","2.60","1208","85.7%","60.5%","211","","297","","508","65.7%","700","57.0%","8.7pp"
"Captain America, First Avenger","WUR","M","744","3.40","176","","442","42.4%","","73","","107","","180","","265","",""
"Escape to the Wilds","RG","M","932","4.14","217","4.81","887","64.2%","56.3%","131","","226","","357","","530","52.3%",""
"Fight to the Death","WR","M","1265","5.39","143","","96","10.7%","","15","","27","","42","","54","",""
"Iron Man, Titan of Innovation","UR","M","563","2.59","198","","956","77.2%","53.9%","151","","257","","408","","553","48.1%",""
"Privileged Position","WG","M","1106","4.44","124","","224","31.0%","","37","","58","","95","","129","",""
"Ravenous Tyrannosaurus","RG","M","507","2.16","229","2.18","1239","85.0%","56.4%","245","","327","","572","59.6%","679","53.0%","6.6pp"
"Storm, Force of Nature","URG","M","815","3.32","179","","511","47.8%","50.7%","92","","158","","250","","263","",""
"Sundering Growth","WG","M","1137","4.66","139","","274","33.3%","","52","","74","","126","","148","",""
"Warleader's Call","WR","M","575","2.62","214","2.68","1159","82.1%","58.4%","220","","265","","485","","674","57.0%",""
"Wolverine, Best There Is","RG","M","533","2.51","157","","700","73.3%","52.3%","125","","172","","297","","403","",""
"Horn of Greed","","M","1207","5.47","145","","42","5.0%","","8","","10","","18","","24","",""
"Roaming Throne","","M","326","1.54","197","","1188","96.8%","53.9%","213","","327","","540","55.2%","651","52.7%","2.5pp"
"Sword of Fire and Ice","","M","237","1.16","223","1.16","1537","99.5%","62.5%","262","","413","","675","69.3%","859","57.2%","12.2pp"